datetime;id;name;temp_degC;relHum_%;absHum_gkg;pres_hPa
2023-01-03T17:15:43Z;58;Wohnzimmer;18.701;49.610;7.947;1019.782
2023-01-03T17:15:43Z;59;Arbeitszimmer;16.755;56.505;8.060;0.000
2023-01-03T17:16:43Z;58;Wohnzimmer;18.738;49.638;7.968;1019.759
2023-01-03T17:16:43Z;59;Arbeitszimmer;16.720;56.762;8.079;0.000
2023-01-03T17:17:43Z;58;Wohnzimmer;18.723;49.718;7.974;1019.779
2023-01-03T17:17:43Z;59;Arbeitszimmer;16.722;57.085;8.126;0.000
2023-01-03T17:18:43Z;58;Wohnzimmer;18.852;49.448;7.992;1019.759
2023-01-03T17:18:43Z;59;Arbeitszimmer;16.674;57.054;8.098;0.000
2023-01-03T17:19:43Z;58;Wohnzimmer;18.868;49.451;8.000;1019.767
2023-01-03T17:19:43Z;59;Arbeitszimmer;16.689;57.085;8.110;0.000
2023-01-03T17:20:43Z;58;Wohnzimmer;18.768;49.647;7.984;1019.786
2023-01-03T17:20:43Z;59;Arbeitszimmer;16.666;57.111;8.102;0.000
2023-01-03T17:21:43Z;58;Wohnzimmer;18.666;49.964;7.987;1019.790
2023-01-03T17:21:43Z;59;Arbeitszimmer;16.696;57.096;8.115;0.000
2023-01-03T17:22:43Z;58;Wohnzimmer;18.623;50.142;7.995;1019.775
2023-01-03T17:22:43Z;59;Arbeitszimmer;16.745;57.072;8.136;0.000
2023-01-03T17:23:43Z;58;Wohnzimmer;18.759;49.851;8.013;1019.763
2023-01-03T17:23:43Z;59;Arbeitszimmer;16.790;56.968;8.143;0.000
2023-01-03T17:24:43Z;58;Wohnzimmer;18.737;50.029;8.031;1019.822
2023-01-03T17:24:43Z;59;Arbeitszimmer;16.797;56.898;8.136;0.000
2023-01-03T17:25:43Z;58;Wohnzimmer;18.650;50.217;8.019;1019.797
2023-01-03T17:25:43Z;59;Arbeitszimmer;16.796;56.940;8.142;0.000
2023-01-03T17:26:43Z;58;Wohnzimmer;18.563;50.400;8.007;1019.798
2023-01-03T17:26:43Z;59;Arbeitszimmer;16.802;56.814;8.127;0.000
2023-01-03T17:27:43Z;58;Wohnzimmer;18.497;50.352;7.969;1019.769
2023-01-03T17:27:43Z;59;Arbeitszimmer;16.817;56.781;8.129;0.000
2023-01-03T17:28:43Z;58;Wohnzimmer;18.501;50.293;7.961;1019.778
2023-01-03T17:28:43Z;59;Arbeitszimmer;16.806;56.695;8.112;0.000
2023-01-03T17:29:43Z;58;Wohnzimmer;18.489;50.136;7.931;1019.783
2023-01-03T17:29:43Z;59;Arbeitszimmer;16.821;56.842;8.140;0.000
2023-01-03T17:30:43Z;58;Wohnzimmer;18.546;50.052;7.944;1019.755
2023-01-03T17:30:43Z;59;Arbeitszimmer;16.833;56.583;8.109;0.000
2023-01-03T17:31:43Z;58;Wohnzimmer;18.563;50.065;7.954;1019.782
2023-01-03T17:31:43Z;59;Arbeitszimmer;16.834;56.589;8.110;0.000
2023-01-03T17:32:43Z;58;Wohnzimmer;18.603;50.038;7.969;1019.789
2023-01-03T17:32:43Z;59;Arbeitszimmer;16.811;56.724;8.118;0.000
2023-01-03T17:33:43Z;58;Wohnzimmer;18.602;50.036;7.968;1019.791
2023-01-03T17:33:43Z;59;Arbeitszimmer;16.804;56.747;8.118;0.000
2023-01-03T17:34:43Z;58;Wohnzimmer;18.664;50.035;7.997;1019.801
2023-01-03T17:34:43Z;59;Arbeitszimmer;16.847;56.718;8.135;0.000
2023-01-03T17:35:43Z;58;Wohnzimmer;18.651;50.062;7.995;1019.774
2023-01-03T17:35:43Z;59;Arbeitszimmer;16.854;56.694;8.135;0.000
2023-01-03T17:36:43Z;58;Wohnzimmer;18.720;49.997;8.017;1019.791
2023-01-03T17:36:43Z;59;Arbeitszimmer;16.864;56.666;8.136;0.000
2023-01-03T17:37:43Z;58;Wohnzimmer;18.730;50.100;8.039;1019.820
2023-01-03T17:37:43Z;59;Arbeitszimmer;16.839;56.571;8.110;0.000
2023-01-03T17:38:43Z;58;Wohnzimmer;18.739;50.116;8.046;1019.871
2023-01-03T17:38:43Z;59;Arbeitszimmer;16.866;56.496;8.112;0.000
2023-01-03T17:39:43Z;58;Wohnzimmer;18.723;50.202;8.052;1019.934
2023-01-03T17:39:43Z;59;Arbeitszimmer;16.877;56.515;8.120;0.000
2023-01-03T17:40:43Z;58;Wohnzimmer;18.701;50.385;8.071;1019.927
2023-01-03T17:40:43Z;59;Arbeitszimmer;16.857;56.619;8.125;0.000
2023-01-03T17:41:43Z;58;Wohnzimmer;18.698;50.508;8.089;1019.961
2023-01-03T17:41:43Z;59;Arbeitszimmer;16.856;56.638;8.128;0.000
2023-01-03T17:42:43Z;58;Wohnzimmer;18.679;50.514;8.081;1019.951
2023-01-03T17:42:43Z;59;Arbeitszimmer;16.879;56.699;8.148;0.000
2023-01-03T17:43:43Z;58;Wohnzimmer;18.691;50.595;8.100;1019.963
2023-01-03T17:43:43Z;59;Arbeitszimmer;16.885;56.611;8.138;0.000
2023-01-03T17:44:43Z;58;Wohnzimmer;18.698;50.620;8.107;1019.945
2023-01-03T17:44:43Z;59;Arbeitszimmer;16.896;56.602;8.142;0.000
2023-01-03T17:45:43Z;58;Wohnzimmer;18.688;50.747;8.123;1019.988
2023-01-03T17:45:43Z;59;Arbeitszimmer;16.909;56.633;8.153;0.000
2023-01-03T17:46:43Z;58;Wohnzimmer;18.679;50.821;8.130;1020.005
2023-01-03T17:46:43Z;59;Arbeitszimmer;16.912;56.594;8.149;0.000
2023-01-03T17:47:43Z;58;Wohnzimmer;18.678;50.923;8.146;1019.962
2023-01-03T17:47:43Z;59;Arbeitszimmer;16.906;56.479;8.129;0.000
2023-01-03T17:48:43Z;58;Wohnzimmer;18.661;51.004;8.150;1019.951
2023-01-03T17:48:43Z;59;Arbeitszimmer;17.045;56.453;8.194;0.000
2023-01-03T17:49:43Z;58;Wohnzimmer;18.703;51.012;8.172;1019.968
2023-01-03T17:49:43Z;59;Arbeitszimmer;17.190;56.313;8.244;0.000
2023-01-03T17:50:43Z;58;Wohnzimmer;18.689;51.219;8.199;1019.965
2023-01-03T17:50:43Z;59;Arbeitszimmer;17.255;56.238;8.266;0.000
2023-01-03T17:51:43Z;58;Wohnzimmer;18.667;51.404;8.217;1019.946
2023-01-03T17:51:43Z;59;Arbeitszimmer;17.273;56.200;8.269;0.000
2023-01-03T17:52:43Z;58;Wohnzimmer;18.608;51.554;8.213;1019.967
2023-01-03T17:52:43Z;59;Arbeitszimmer;17.310;56.117;8.275;0.000
2023-01-03T17:53:43Z;58;Wohnzimmer;18.659;51.689;8.259;1019.977
2023-01-03T17:53:43Z;59;Arbeitszimmer;17.329;55.981;8.265;0.000
2023-01-03T17:54:43Z;58;Wohnzimmer;18.686;51.768;8.285;1019.965
2023-01-03T17:54:43Z;59;Arbeitszimmer;17.404;55.863;8.284;0.000
2023-01-03T17:55:43Z;58;Wohnzimmer;18.669;51.796;8.281;1020.024
2023-01-03T17:55:43Z;59;Arbeitszimmer;17.448;55.846;8.303;0.000
2023-01-03T17:56:43Z;58;Wohnzimmer;18.615;52.027;8.292;1020.012
2023-01-03T17:56:43Z;59;Arbeitszimmer;17.486;55.648;8.293;0.000
2023-01-03T17:57:43Z;58;Wohnzimmer;18.633;52.077;8.308;1019.984
2023-01-03T17:57:43Z;59;Arbeitszimmer;17.442;55.761;8.288;0.000
2023-01-03T17:58:43Z;58;Wohnzimmer;18.631;52.024;8.299;1019.991
2023-01-03T17:58:43Z;59;Arbeitszimmer;17.435;55.916;8.307;0.000
2023-01-03T17:59:43Z;58;Wohnzimmer;18.665;52.153;8.336;1019.992
2023-01-03T17:59:43Z;59;Arbeitszimmer;17.439;55.842;8.298;0.000
2023-01-03T18:00:43Z;58;Wohnzimmer;18.773;52.160;8.391;1019.994
2023-01-03T18:00:43Z;59;Arbeitszimmer;17.427;55.955;8.309;0.000
2023-01-03T18:01:43Z;58;Wohnzimmer;18.858;52.105;8.424;1020.007
2023-01-03T18:01:43Z;59;Arbeitszimmer;17.434;55.967;8.315;0.000
2023-01-03T18:02:43Z;58;Wohnzimmer;18.879;52.196;8.449;1020.030
2023-01-03T18:02:43Z;59;Arbeitszimmer;17.465;55.899;8.320;0.000
2023-01-03T18:03:43Z;58;Wohnzimmer;18.971;52.308;8.514;1020.006
2023-01-03T18:03:43Z;59;Arbeitszimmer;17.467;55.863;8.315;0.000
2023-01-03T18:04:43Z;58;Wohnzimmer;19.011;52.734;8.603;1020.033
2023-01-03T18:04:43Z;59;Arbeitszimmer;17.493;55.766;8.314;0.000
2023-01-03T18:05:43Z;58;Wohnzimmer;19.099;52.363;8.587;1020.062
2023-01-03T18:05:43Z;59;Arbeitszimmer;17.522;55.736;8.324;0.000
2023-01-03T18:06:43Z;58;Wohnzimmer;19.134;52.374;8.607;1020.056
2023-01-03T18:06:43Z;59;Arbeitszimmer;17.548;55.759;8.340;0.000
2023-01-03T18:07:43Z;58;Wohnzimmer;19.215;52.808;8.719;1020.080
2023-01-03T18:07:43Z;59;Arbeitszimmer;17.577;55.671;8.341;0.000
2023-01-03T18:08:43Z;58;Wohnzimmer;19.280;52.623;8.722;1020.047
2023-01-03T18:08:43Z;59;Arbeitszimmer;17.589;55.659;8.345;0.000
2023-01-03T18:09:43Z;58;Wohnzimmer;19.321;52.769;8.768;1020.086
2023-01-03T18:09:43Z;59;Arbeitszimmer;17.629;55.614;8.359;0.000
2023-01-03T18:10:43Z;58;Wohnzimmer;19.359;52.821;8.796;1020.140
2023-01-03T18:10:43Z;59;Arbeitszimmer;17.632;55.628;8.362;0.000
2023-01-03T18:11:43Z;58;Wohnzimmer;19.419;52.689;8.805;1020.136
2023-01-03T18:11:43Z;59;Arbeitszimmer;17.670;55.580;8.374;0.000
2023-01-03T18:12:43Z;58;Wohnzimmer;19.467;52.998;8.882;1020.134
2023-01-03T18:12:43Z;59;Arbeitszimmer;17.685;55.660;8.394;0.000
2023-01-03T18:13:43Z;58;Wohnzimmer;19.516;53.269;8.953;1020.175
2023-01-03T18:13:43Z;59;Arbeitszimmer;17.708;55.578;8.393;0.000
2023-01-03T18:14:43Z;58;Wohnzimmer;19.552;53.430;8.999;1020.196
2023-01-03T18:14:43Z;59;Arbeitszimmer;17.741;55.569;8.408;0.000
2023-01-03T18:15:43Z;58;Wohnzimmer;19.592;53.738;9.072;1020.191
2023-01-03T18:15:43Z;59;Arbeitszimmer;17.744;55.519;8.402;0.000
2023-01-03T18:16:43Z;58;Wohnzimmer;19.611;53.783;9.089;1020.206
2023-01-03T18:16:43Z;59;Arbeitszimmer;17.733;55.560;8.403;0.000
2023-01-03T18:17:43Z;58;Wohnzimmer;19.686;53.865;9.144;1020.193
2023-01-03T18:17:43Z;59;Arbeitszimmer;17.740;55.528;8.401;0.000
2023-01-03T18:18:43Z;58;Wohnzimmer;19.591;55.566;9.380;1020.247
2023-01-03T18:18:43Z;59;Arbeitszimmer;17.772;55.579;8.425;0.000
2023-01-03T18:19:43Z;58;Wohnzimmer;19.441;55.401;9.270;1020.198
2023-01-03T18:19:43Z;59;Arbeitszimmer;17.765;55.609;8.426;0.000
2023-01-03T18:20:43Z;58;Wohnzimmer;19.277;55.664;9.224;1020.204
2023-01-03T18:20:43Z;59;Arbeitszimmer;17.764;55.620;8.427;0.000
2023-01-03T18:21:43Z;58;Wohnzimmer;19.112;54.395;8.927;1020.186
2023-01-03T18:21:43Z;59;Arbeitszimmer;17.785;55.697;8.449;0.000
2023-01-03T18:22:43Z;58;Wohnzimmer;18.988;54.519;8.882;1020.225
2023-01-03T18:22:43Z;59;Arbeitszimmer;17.794;55.630;8.444;0.000
2023-01-03T18:23:43Z;58;Wohnzimmer;18.884;53.870;8.723;1020.197
2023-01-03T18:23:43Z;59;Arbeitszimmer;17.802;55.626;8.447;0.000
2023-01-03T18:24:43Z;58;Wohnzimmer;18.802;53.237;8.579;1020.261
2023-01-03T18:24:43Z;59;Arbeitszimmer;17.795;55.680;8.452;0.000
2023-01-03T18:25:43Z;58;Wohnzimmer;18.738;54.546;8.756;1020.208
2023-01-03T18:25:43Z;59;Arbeitszimmer;17.806;55.678;8.457;0.000
2023-01-03T18:26:43Z;58;Wohnzimmer;18.744;53.100;8.527;1020.211
2023-01-03T18:26:43Z;59;Arbeitszimmer;17.794;55.684;8.452;0.000
2023-01-03T18:27:43Z;58;Wohnzimmer;18.930;51.573;8.374;1020.192
2023-01-03T18:27:43Z;59;Arbeitszimmer;17.796;55.675;8.452;0.000
2023-01-03T18:28:43Z;58;Wohnzimmer;19.072;51.515;8.434;1020.196
2023-01-03T18:28:43Z;59;Arbeitszimmer;17.778;55.753;8.455;0.000
2023-01-03T18:29:43Z;58;Wohnzimmer;19.175;51.014;8.403;1020.229
2023-01-03T18:29:43Z;59;Arbeitszimmer;17.795;55.682;8.452;0.000
2023-01-03T18:30:43Z;58;Wohnzimmer;19.275;50.829;8.422;1020.250
2023-01-03T18:30:43Z;59;Arbeitszimmer;17.848;55.611;8.468;0.000
2023-01-03T18:31:43Z;58;Wohnzimmer;19.320;50.990;8.471;1020.227
2023-01-03T18:31:43Z;59;Arbeitszimmer;17.891;55.512;8.474;0.000
2023-01-03T18:32:43Z;58;Wohnzimmer;19.341;50.905;8.468;1020.213
2023-01-03T18:32:43Z;59;Arbeitszimmer;17.883;55.626;8.488;0.000
2023-01-03T18:33:43Z;58;Wohnzimmer;19.382;51.101;8.521;1020.240
2023-01-03T18:33:43Z;59;Arbeitszimmer;17.850;55.653;8.476;0.000
2023-01-03T18:34:43Z;58;Wohnzimmer;19.395;51.238;8.550;1020.209
2023-01-03T18:34:43Z;59;Arbeitszimmer;17.855;55.691;8.484;0.000
2023-01-03T18:35:43Z;58;Wohnzimmer;19.413;51.462;8.597;1020.258
2023-01-03T18:35:43Z;59;Arbeitszimmer;17.841;55.744;8.485;0.000
2023-01-03T18:36:43Z;58;Wohnzimmer;19.439;51.536;8.622;1020.229
2023-01-03T18:36:43Z;59;Arbeitszimmer;17.846;55.716;8.483;0.000
2023-01-03T18:37:43Z;58;Wohnzimmer;19.427;51.642;8.634;1020.201
2023-01-03T18:37:43Z;59;Arbeitszimmer;17.828;55.804;8.487;0.000
2023-01-03T18:38:43Z;58;Wohnzimmer;19.449;52.179;8.735;1020.239
2023-01-03T18:38:43Z;59;Arbeitszimmer;17.815;55.728;8.469;0.000
2023-01-03T18:39:43Z;58;Wohnzimmer;19.444;52.079;8.716;1020.166
2023-01-03T18:39:43Z;59;Arbeitszimmer;17.843;55.750;8.487;0.000
2023-01-03T18:40:43Z;58;Wohnzimmer;19.489;51.937;8.715;1020.177
2023-01-03T18:40:43Z;59;Arbeitszimmer;17.840;55.754;8.486;0.000
2023-01-03T18:41:43Z;58;Wohnzimmer;19.525;51.924;8.731;1020.175
2023-01-03T18:41:43Z;59;Arbeitszimmer;17.846;55.687;8.479;0.000
2023-01-03T18:42:43Z;58;Wohnzimmer;19.545;51.887;8.735;1020.155
2023-01-03T18:42:43Z;59;Arbeitszimmer;17.874;55.640;8.485;0.000
2023-01-03T18:43:43Z;58;Wohnzimmer;19.545;51.888;8.735;1020.195
2023-01-03T18:43:43Z;59;Arbeitszimmer;17.858;55.633;8.476;0.000
2023-01-03T18:44:43Z;58;Wohnzimmer;19.541;51.936;8.741;1020.211
2023-01-03T18:44:43Z;59;Arbeitszimmer;17.869;55.586;8.475;0.000
2023-01-03T18:45:43Z;58;Wohnzimmer;19.512;52.149;8.762;1020.243
2023-01-03T18:45:43Z;59;Arbeitszimmer;17.844;55.554;8.457;0.000
2023-01-03T18:46:43Z;58;Wohnzimmer;19.932;53.337;9.186;1020.240
2023-01-03T18:46:43Z;59;Arbeitszimmer;17.857;55.565;8.465;0.000
2023-01-03T18:47:43Z;58;Wohnzimmer;19.683;52.310;8.878;1020.203
2023-01-03T18:47:43Z;59;Arbeitszimmer;17.849;55.660;8.476;0.000
2023-01-03T18:48:43Z;58;Wohnzimmer;19.570;52.430;8.840;1020.239
2023-01-03T18:48:43Z;59;Arbeitszimmer;17.844;55.863;8.504;0.000
2023-01-03T18:49:43Z;58;Wohnzimmer;19.466;52.927;8.869;1020.241
2023-01-03T18:49:43Z;59;Arbeitszimmer;17.837;55.819;8.494;0.000
2023-01-03T18:50:43Z;58;Wohnzimmer;19.398;53.121;8.866;1020.234
2023-01-03T18:50:43Z;59;Arbeitszimmer;17.840;55.924;8.512;0.000
2023-01-03T18:51:43Z;58;Wohnzimmer;19.382;53.186;8.869;1020.275
2023-01-03T18:51:43Z;59;Arbeitszimmer;17.846;55.978;8.523;0.000
2023-01-03T18:52:43Z;58;Wohnzimmer;19.312;53.382;8.865;1020.218
2023-01-03T18:52:43Z;59;Arbeitszimmer;17.840;55.922;8.511;0.000
2023-01-03T18:53:43Z;58;Wohnzimmer;19.318;53.480;8.884;1020.213
2023-01-03T18:53:43Z;59;Arbeitszimmer;17.848;55.806;8.498;0.000
2023-01-03T18:54:43Z;58;Wohnzimmer;19.320;53.533;8.894;1020.225
2023-01-03T18:54:43Z;59;Arbeitszimmer;17.844;55.771;8.490;0.000
2023-01-03T18:55:43Z;58;Wohnzimmer;19.323;53.549;8.898;1020.224
2023-01-03T18:55:43Z;59;Arbeitszimmer;17.845;55.718;8.483;0.000
2023-01-03T18:56:43Z;58;Wohnzimmer;19.330;53.805;8.945;1020.270
2023-01-03T18:56:43Z;59;Arbeitszimmer;17.846;55.618;8.468;0.000
2023-01-03T18:57:43Z;58;Wohnzimmer;19.370;54.042;9.005;1020.249
2023-01-03T18:57:43Z;59;Arbeitszimmer;17.863;55.661;8.483;0.000
2023-01-03T18:58:43Z;58;Wohnzimmer;19.323;53.578;8.903;1020.284
2023-01-03T18:58:43Z;59;Arbeitszimmer;17.862;55.599;8.473;0.000
2023-01-03T18:59:43Z;58;Wohnzimmer;19.326;53.620;8.912;1020.258
2023-01-03T18:59:43Z;59;Arbeitszimmer;17.857;55.586;8.469;0.000
2023-01-03T19:00:43Z;58;Wohnzimmer;19.302;53.654;8.905;1020.285
2023-01-03T19:00:43Z;59;Arbeitszimmer;17.865;55.606;8.476;0.000
2023-01-03T19:01:43Z;58;Wohnzimmer;19.305;53.987;8.961;1020.249
2023-01-03T19:01:43Z;59;Arbeitszimmer;17.883;55.675;8.496;0.000
2023-01-03T19:02:43Z;58;Wohnzimmer;19.261;53.911;8.926;1020.244
2023-01-03T19:02:43Z;59;Arbeitszimmer;17.963;55.790;8.554;0.000
2023-01-03T19:03:43Z;58;Wohnzimmer;19.201;54.046;8.917;1020.273
2023-01-03T19:03:43Z;59;Arbeitszimmer;18.037;55.472;8.543;0.000
2023-01-03T19:04:43Z;58;Wohnzimmer;19.186;54.065;8.912;1020.213
2023-01-03T19:04:43Z;59;Arbeitszimmer;18.060;55.317;8.530;0.000
2023-01-03T19:05:43Z;58;Wohnzimmer;19.169;54.039;8.899;1020.217
2023-01-03T19:05:43Z;59;Arbeitszimmer;18.108;55.427;8.571;0.000
2023-01-03T19:06:43Z;58;Wohnzimmer;19.177;54.085;8.911;1020.192
2023-01-03T19:06:43Z;59;Arbeitszimmer;18.150;55.372;8.584;0.000
2023-01-03T19:07:43Z;58;Wohnzimmer;19.227;54.004;8.923;1020.214
2023-01-03T19:07:43Z;59;Arbeitszimmer;18.153;55.349;8.583;0.000
2023-01-03T19:08:43Z;58;Wohnzimmer;19.203;53.977;8.906;1020.200
2023-01-03T19:08:43Z;59;Arbeitszimmer;18.205;55.284;8.599;0.000
2023-01-03T19:09:43Z;58;Wohnzimmer;19.161;54.046;8.895;1020.200
2023-01-03T19:09:43Z;59;Arbeitszimmer;18.226;55.290;8.611;0.000
2023-01-03T19:10:43Z;58;Wohnzimmer;19.179;54.008;8.899;1020.260
2023-01-03T19:10:43Z;59;Arbeitszimmer;18.202;55.230;8.589;0.000
2023-01-03T19:11:43Z;58;Wohnzimmer;19.165;54.002;8.891;1020.228
2023-01-03T19:11:43Z;59;Arbeitszimmer;18.202;55.365;8.610;0.000
2023-01-03T19:12:43Z;58;Wohnzimmer;19.153;54.092;8.899;1020.210
2023-01-03T19:12:43Z;59;Arbeitszimmer;18.208;55.351;8.611;0.000
2023-01-03T19:13:43Z;58;Wohnzimmer;19.154;54.046;8.892;1020.191
2023-01-03T19:13:43Z;59;Arbeitszimmer;18.232;55.435;8.636;0.000
2023-01-03T19:14:43Z;58;Wohnzimmer;19.159;54.111;8.905;1020.191
2023-01-03T19:14:43Z;59;Arbeitszimmer;18.229;55.448;8.637;0.000
2023-01-03T19:15:43Z;58;Wohnzimmer;19.140;54.137;8.899;1020.185
2023-01-03T19:15:43Z;59;Arbeitszimmer;18.224;55.483;8.640;0.000
2023-01-03T19:16:43Z;58;Wohnzimmer;19.135;54.082;8.888;1020.183
2023-01-03T19:16:43Z;59;Arbeitszimmer;18.249;55.465;8.650;0.000
2023-01-03T19:17:43Z;58;Wohnzimmer;19.134;54.103;8.891;1020.170
2023-01-03T19:17:43Z;59;Arbeitszimmer;18.284;55.352;8.650;0.000
2023-01-03T19:18:43Z;58;Wohnzimmer;19.133;54.157;8.899;1020.189
2023-01-03T19:18:43Z;59;Arbeitszimmer;18.307;55.500;8.685;0.000
2023-01-03T19:19:43Z;58;Wohnzimmer;19.143;54.134;8.900;1020.177
2023-01-03T19:19:43Z;59;Arbeitszimmer;18.319;55.418;8.678;0.000
2023-01-03T19:20:43Z;58;Wohnzimmer;19.125;54.153;8.894;1020.170
2023-01-03T19:20:43Z;59;Arbeitszimmer;18.326;55.593;8.709;0.000
2023-01-03T19:21:43Z;58;Wohnzimmer;19.092;54.183;8.882;1020.228
2023-01-03T19:21:43Z;59;Arbeitszimmer;18.354;55.519;8.712;0.000
2023-01-03T19:22:43Z;58;Wohnzimmer;19.083;54.212;8.882;1020.180
2023-01-03T19:22:43Z;59;Arbeitszimmer;18.410;55.257;8.700;0.000
2023-01-03T19:23:43Z;58;Wohnzimmer;19.103;54.236;8.896;1020.177
2023-01-03T19:23:43Z;59;Arbeitszimmer;18.368;55.283;8.682;0.000
2023-01-03T19:24:43Z;58;Wohnzimmer;19.102;54.234;8.896;1020.146
2023-01-03T19:24:43Z;59;Arbeitszimmer;18.356;55.330;8.683;0.000
2023-01-03T19:25:43Z;58;Wohnzimmer;19.128;54.170;8.899;1020.177
2023-01-03T19:25:43Z;59;Arbeitszimmer;18.346;55.411;8.691;0.000
2023-01-03T19:26:43Z;58;Wohnzimmer;19.090;54.188;8.882;1020.165
2023-01-03T19:26:43Z;59;Arbeitszimmer;18.336;55.402;8.684;0.000
2023-01-03T19:27:43Z;58;Wohnzimmer;19.053;54.247;8.872;1020.205
2023-01-03T19:27:43Z;59;Arbeitszimmer;18.339;55.376;8.682;0.000
2023-01-03T19:28:43Z;58;Wohnzimmer;19.092;54.268;8.896;1020.200
2023-01-03T19:28:43Z;59;Arbeitszimmer;18.357;55.451;8.703;0.000
2023-01-03T19:29:43Z;58;Wohnzimmer;19.084;54.277;8.893;1020.207
2023-01-03T19:29:43Z;59;Arbeitszimmer;18.352;55.465;8.703;0.000
2023-01-03T19:30:43Z;58;Wohnzimmer;19.088;54.319;8.902;1020.145
2023-01-03T19:30:43Z;59;Arbeitszimmer;18.367;55.373;8.696;0.000
2023-01-03T19:31:43Z;58;Wohnzimmer;19.058;54.247;8.874;1020.166
2023-01-03T19:31:43Z;59;Arbeitszimmer;18.407;55.182;8.686;0.000
2023-01-03T19:32:43Z;58;Wohnzimmer;19.061;54.266;8.879;1020.169
2023-01-03T19:32:43Z;59;Arbeitszimmer;18.403;55.252;8.696;0.000
2023-01-03T19:33:43Z;58;Wohnzimmer;19.040;54.296;8.873;1020.135
2023-01-03T19:33:43Z;59;Arbeitszimmer;18.378;55.348;8.698;0.000
2023-01-03T19:34:43Z;58;Wohnzimmer;19.015;54.361;8.871;1020.177
2023-01-03T19:34:43Z;59;Arbeitszimmer;18.370;55.364;8.696;0.000
2023-01-03T19:35:43Z;58;Wohnzimmer;19.031;54.365;8.880;1020.196
2023-01-03T19:35:43Z;59;Arbeitszimmer;18.392;55.424;8.717;0.000
2023-01-03T19:36:43Z;58;Wohnzimmer;19.038;54.409;8.890;1020.249
2023-01-03T19:36:43Z;59;Arbeitszimmer;18.370;55.289;8.684;0.000
2023-01-03T19:37:43Z;58;Wohnzimmer;19.013;54.409;8.877;1020.233
2023-01-03T19:37:43Z;59;Arbeitszimmer;18.387;55.317;8.697;0.000
2023-01-03T19:38:43Z;58;Wohnzimmer;19.047;54.391;8.892;1020.210
2023-01-03T19:38:43Z;59;Arbeitszimmer;18.383;55.474;8.720;0.000
2023-01-03T19:39:43Z;58;Wohnzimmer;19.033;54.411;8.888;1020.254
2023-01-03T19:39:43Z;59;Arbeitszimmer;18.380;55.396;8.706;0.000
2023-01-03T19:40:43Z;58;Wohnzimmer;19.039;54.461;8.899;1020.225
2023-01-03T19:40:43Z;59;Arbeitszimmer;18.403;55.342;8.710;0.000
2023-01-03T19:41:43Z;58;Wohnzimmer;18.998;54.509;8.886;1020.154
2023-01-03T19:41:43Z;59;Arbeitszimmer;18.412;55.324;8.711;0.000
2023-01-03T19:42:43Z;58;Wohnzimmer;18.993;54.648;8.906;1020.240
2023-01-03T19:42:43Z;59;Arbeitszimmer;18.424;55.299;8.714;0.000
2023-01-03T19:43:43Z;58;Wohnzimmer;19.030;54.671;8.929;1020.146
2023-01-03T19:43:43Z;59;Arbeitszimmer;18.415;55.319;8.712;0.000
2023-01-03T19:44:43Z;58;Wohnzimmer;19.017;54.712;8.929;1020.183
2023-01-03T19:44:43Z;59;Arbeitszimmer;18.406;55.368;8.715;0.000
2023-01-03T19:45:43Z;58;Wohnzimmer;19.058;54.790;8.963;1020.187
2023-01-03T19:45:43Z;59;Arbeitszimmer;18.433;55.442;8.741;0.000
2023-01-03T19:46:43Z;58;Wohnzimmer;19.057;54.790;8.963;1020.127
2023-01-03T19:46:43Z;59;Arbeitszimmer;18.416;55.402;8.726;0.000
2023-01-03T19:47:43Z;58;Wohnzimmer;19.036;54.774;8.949;1020.158
2023-01-03T19:47:43Z;59;Arbeitszimmer;18.460;55.383;8.745;0.000
2023-01-03T19:48:43Z;58;Wohnzimmer;19.064;54.814;8.970;1020.125
2023-01-03T19:48:43Z;59;Arbeitszimmer;18.460;55.380;8.745;0.000
2023-01-03T19:49:43Z;58;Wohnzimmer;19.046;54.818;8.961;1020.135
2023-01-03T19:49:43Z;59;Arbeitszimmer;18.478;55.361;8.751;0.000
2023-01-03T19:50:43Z;58;Wohnzimmer;19.027;54.827;8.953;1020.126
2023-01-03T19:50:43Z;59;Arbeitszimmer;18.461;55.328;8.737;0.000
2023-01-03T19:51:43Z;58;Wohnzimmer;19.036;54.791;8.952;1020.151
2023-01-03T19:51:43Z;59;Arbeitszimmer;18.476;55.333;8.746;0.000
2023-01-03T19:52:43Z;58;Wohnzimmer;19.029;54.887;8.964;1020.159
2023-01-03T19:52:43Z;59;Arbeitszimmer;18.442;55.445;8.746;0.000
2023-01-03T19:53:43Z;58;Wohnzimmer;19.042;54.892;8.972;1020.115
2023-01-03T19:53:43Z;59;Arbeitszimmer;18.416;55.612;8.759;0.000
2023-01-03T19:54:43Z;58;Wohnzimmer;19.041;54.896;8.972;1020.189
2023-01-03T19:54:43Z;59;Arbeitszimmer;18.365;55.697;8.746;0.000
2023-01-03T19:55:43Z;58;Wohnzimmer;19.127;54.622;8.972;1020.130
2023-01-03T19:55:43Z;59;Arbeitszimmer;18.317;55.736;8.727;0.000
2023-01-03T19:56:43Z;58;Wohnzimmer;18.975;54.711;8.907;1020.101
2023-01-03T19:56:43Z;59;Arbeitszimmer;18.287;55.862;8.731;0.000
2023-01-03T19:57:43Z;58;Wohnzimmer;18.673;54.584;8.729;1020.134
2023-01-03T19:57:43Z;59;Arbeitszimmer;18.269;55.913;8.730;0.000
2023-01-03T19:58:43Z;58;Wohnzimmer;18.268;52.407;8.182;1020.086
2023-01-03T19:58:43Z;59;Arbeitszimmer;18.252;55.992;8.733;0.000
2023-01-03T19:59:43Z;58;Wohnzimmer;17.909;51.005;7.795;1020.095
2023-01-03T19:59:43Z;59;Arbeitszimmer;18.240;56.031;8.733;0.000
2023-01-03T20:00:43Z;58;Wohnzimmer;17.642;50.334;7.571;1020.046
2023-01-03T20:00:43Z;59;Arbeitszimmer;18.229;56.000;8.723;0.000
2023-01-03T20:01:43Z;58;Wohnzimmer;17.412;50.731;7.526;1020.063
2023-01-03T20:01:43Z;59;Arbeitszimmer;18.217;55.994;8.716;0.000
2023-01-03T20:02:43Z;58;Wohnzimmer;17.231;50.088;7.351;1020.029
2023-01-03T20:02:43Z;59;Arbeitszimmer;18.195;56.063;8.715;0.000
2023-01-03T20:03:43Z;58;Wohnzimmer;17.079;50.157;7.295;1020.060
2023-01-03T20:03:43Z;59;Arbeitszimmer;18.217;56.102;8.732;0.000
2023-01-03T20:04:43Z;58;Wohnzimmer;17.006;50.368;7.293;1020.020
2023-01-03T20:04:43Z;59;Arbeitszimmer;18.202;56.041;8.715;0.000
2023-01-03T20:05:43Z;58;Wohnzimmer;16.943;50.187;7.240;1020.024
2023-01-03T20:05:43Z;59;Arbeitszimmer;18.166;55.991;8.689;0.000
2023-01-03T20:06:43Z;58;Wohnzimmer;16.843;50.207;7.199;1020.038
2023-01-03T20:06:43Z;59;Arbeitszimmer;18.179;56.089;8.711;0.000
2023-01-03T20:07:43Z;58;Wohnzimmer;16.770;49.817;7.112;1019.981
2023-01-03T20:07:43Z;59;Arbeitszimmer;18.163;56.107;8.705;0.000
2023-01-03T20:08:43Z;58;Wohnzimmer;16.668;50.100;7.109;1019.989
2023-01-03T20:08:43Z;59;Arbeitszimmer;18.147;56.083;8.693;0.000
2023-01-03T20:09:43Z;58;Wohnzimmer;16.604;49.747;7.032;1019.962
2023-01-03T20:09:43Z;59;Arbeitszimmer;18.139;56.168;8.702;0.000
2023-01-03T20:10:43Z;58;Wohnzimmer;16.504;49.891;7.009;1019.977
2023-01-03T20:10:43Z;59;Arbeitszimmer;18.148;56.097;8.696;0.000
2023-01-03T20:11:43Z;58;Wohnzimmer;16.535;50.313;7.082;1019.964
2023-01-03T20:11:43Z;59;Arbeitszimmer;18.146;56.112;8.697;0.000
2023-01-03T20:12:43Z;58;Wohnzimmer;16.680;50.905;7.228;1019.950
2023-01-03T20:12:43Z;59;Arbeitszimmer;17.915;55.078;8.421;0.000
2023-01-03T20:13:43Z;58;Wohnzimmer;16.956;50.847;7.341;1019.987
2023-01-03T20:13:43Z;59;Arbeitszimmer;17.531;53.787;8.037;0.000
2023-01-03T20:14:43Z;58;Wohnzimmer;17.207;50.311;7.373;1019.990
2023-01-03T20:14:43Z;59;Arbeitszimmer;17.142;53.669;7.835;0.000
2023-01-03T20:15:43Z;58;Wohnzimmer;17.450;49.185;7.314;1019.996
2023-01-03T20:15:43Z;59;Arbeitszimmer;16.784;54.074;7.726;0.000
2023-01-03T20:16:43Z;58;Wohnzimmer;17.622;49.066;7.372;1020.039
2023-01-03T20:16:43Z;59;Arbeitszimmer;16.469;54.239;7.604;0.000
2023-01-03T20:17:43Z;58;Wohnzimmer;17.719;49.114;7.422;1020.028
2023-01-03T20:17:43Z;59;Arbeitszimmer;16.288;54.584;7.570;0.000
2023-01-03T20:18:43Z;58;Wohnzimmer;17.861;49.305;7.514;1020.033
2023-01-03T20:18:43Z;59;Arbeitszimmer;16.068;55.036;7.532;0.000
2023-01-03T20:19:43Z;58;Wohnzimmer;17.945;49.272;7.546;1020.018
2023-01-03T20:19:43Z;59;Arbeitszimmer;15.805;55.008;7.409;0.000
2023-01-03T20:20:43Z;58;Wohnzimmer;18.086;49.045;7.575;1019.986
2023-01-03T20:20:43Z;59;Arbeitszimmer;15.226;56.227;7.312;0.000
2023-01-03T20:21:43Z;58;Wohnzimmer;18.195;48.763;7.580;1019.955
2023-01-03T20:21:43Z;59;Arbeitszimmer;14.999;56.528;7.250;0.000
2023-01-03T20:22:43Z;58;Wohnzimmer;18.344;48.667;7.633;1019.960
2023-01-03T20:22:43Z;59;Arbeitszimmer;14.836;56.648;7.194;0.000
2023-01-03T20:23:43Z;58;Wohnzimmer;18.390;48.676;7.655;1020.019
2023-01-03T20:23:43Z;59;Arbeitszimmer;14.588;56.957;7.124;0.000
2023-01-03T20:24:43Z;58;Wohnzimmer;18.473;48.664;7.690;1019.968
2023-01-03T20:24:43Z;59;Arbeitszimmer;14.283;57.781;7.094;0.000
2023-01-03T20:25:43Z;58;Wohnzimmer;18.543;48.668;7.723;1019.934
2023-01-03T20:25:43Z;59;Arbeitszimmer;14.281;57.832;7.099;0.000
2023-01-03T20:26:43Z;58;Wohnzimmer;18.603;48.721;7.759;1019.980
2023-01-03T20:26:43Z;59;Arbeitszimmer;14.261;57.612;7.064;0.000
2023-01-03T20:27:43Z;58;Wohnzimmer;18.638;48.699;7.772;1019.917
2023-01-03T20:27:43Z;59;Arbeitszimmer;14.284;57.412;7.049;0.000
2023-01-03T20:28:43Z;58;Wohnzimmer;18.706;48.646;7.795;1019.926
2023-01-03T20:28:43Z;59;Arbeitszimmer;14.326;57.387;7.064;0.000
2023-01-03T20:29:43Z;58;Wohnzimmer;18.810;48.580;7.832;1019.893
2023-01-03T20:29:43Z;59;Arbeitszimmer;14.295;57.256;7.034;0.000
2023-01-03T20:30:43Z;58;Wohnzimmer;18.872;48.448;7.839;1019.922
2023-01-03T20:30:43Z;59;Arbeitszimmer;14.039;57.660;6.974;0.000
2023-01-03T20:31:43Z;58;Wohnzimmer;18.967;48.415;7.878;1019.922
2023-01-03T20:31:43Z;59;Arbeitszimmer;13.670;58.002;6.858;0.000
2023-01-03T20:32:43Z;58;Wohnzimmer;19.063;48.247;7.895;1019.883
2023-01-03T20:32:43Z;59;Arbeitszimmer;13.261;59.212;6.826;0.000
2023-01-03T20:33:43Z;58;Wohnzimmer;19.127;48.209;7.919;1019.900
2023-01-03T20:33:43Z;59;Arbeitszimmer;13.039;60.530;6.883;0.000
2023-01-03T20:34:43Z;58;Wohnzimmer;19.154;48.148;7.922;1019.887
2023-01-03T20:34:43Z;59;Arbeitszimmer;13.465;59.718;6.972;0.000
2023-01-03T20:35:43Z;58;Wohnzimmer;19.144;48.252;7.934;1019.910
2023-01-03T20:35:43Z;59;Arbeitszimmer;13.758;58.675;6.975;0.000
2023-01-03T20:36:43Z;58;Wohnzimmer;19.137;48.410;7.956;1019.864
2023-01-03T20:36:43Z;59;Arbeitszimmer;13.982;58.053;6.997;0.000
2023-01-03T20:37:43Z;58;Wohnzimmer;19.140;48.638;7.996;1019.854
2023-01-03T20:37:43Z;59;Arbeitszimmer;14.154;57.405;6.992;0.000
2023-01-03T20:38:43Z;58;Wohnzimmer;19.142;48.701;8.007;1019.900
2023-01-03T20:38:43Z;59;Arbeitszimmer;13.940;57.406;6.901;0.000
2023-01-03T20:39:43Z;58;Wohnzimmer;19.139;48.817;8.025;1019.895
2023-01-03T20:39:43Z;59;Arbeitszimmer;13.849;57.723;6.900;0.000
2023-01-03T20:40:43Z;58;Wohnzimmer;19.141;48.975;8.052;1019.893
2023-01-03T20:40:43Z;59;Arbeitszimmer;13.940;57.787;6.947;0.000
2023-01-03T20:41:43Z;58;Wohnzimmer;19.140;49.127;8.076;1019.920
2023-01-03T20:41:43Z;59;Arbeitszimmer;14.001;57.526;6.941;0.000
2023-01-03T20:42:43Z;58;Wohnzimmer;19.146;49.166;8.085;1019.928
2023-01-03T20:42:43Z;59;Arbeitszimmer;14.077;57.407;6.959;0.000
2023-01-03T20:43:43Z;58;Wohnzimmer;19.106;49.216;8.074;1019.930
2023-01-03T20:43:43Z;59;Arbeitszimmer;14.028;57.630;6.965;0.000
2023-01-03T20:44:43Z;58;Wohnzimmer;19.098;49.296;8.083;1019.903
2023-01-03T20:44:43Z;59;Arbeitszimmer;14.059;57.282;6.936;0.000
2023-01-03T20:45:43Z;58;Wohnzimmer;19.113;49.278;8.088;1019.906
2023-01-03T20:45:43Z;59;Arbeitszimmer;14.092;57.251;6.947;0.000
2023-01-03T20:46:43Z;58;Wohnzimmer;19.115;49.416;8.111;1019.845
2023-01-03T20:46:43Z;59;Arbeitszimmer;14.207;57.009;6.966;0.000
2023-01-03T20:47:43Z;58;Wohnzimmer;19.077;49.491;8.106;1019.878
2023-01-03T20:47:43Z;59;Arbeitszimmer;14.133;57.200;6.958;0.000
2023-01-03T20:48:43Z;58;Wohnzimmer;19.058;49.651;8.123;1019.861
2023-01-03T20:48:43Z;59;Arbeitszimmer;14.085;57.106;6.926;0.000
2023-01-03T20:49:43Z;58;Wohnzimmer;19.058;49.773;8.143;1019.841
2023-01-03T20:49:43Z;59;Arbeitszimmer;14.003;57.261;6.910;0.000
2023-01-03T20:50:43Z;58;Wohnzimmer;19.082;49.832;8.164;1019.822
2023-01-03T20:50:43Z;59;Arbeitszimmer;13.996;57.399;6.924;0.000
2023-01-03T20:51:43Z;58;Wohnzimmer;19.058;49.872;8.159;1019.824
2023-01-03T20:51:43Z;59;Arbeitszimmer;13.937;57.720;6.937;0.000
2023-01-03T20:52:43Z;58;Wohnzimmer;19.050;49.905;8.160;1019.782
2023-01-03T20:52:43Z;59;Arbeitszimmer;13.654;58.004;6.851;0.000
2023-01-03T20:53:43Z;58;Wohnzimmer;19.029;50.043;8.173;1019.759
2023-01-03T20:53:43Z;59;Arbeitszimmer;13.639;58.563;6.911;0.000
2023-01-03T20:54:43Z;58;Wohnzimmer;19.018;50.125;8.181;1019.758
2023-01-03T20:54:43Z;59;Arbeitszimmer;13.622;58.448;6.890;0.000
2023-01-03T20:55:43Z;58;Wohnzimmer;19.030;50.172;8.194;1019.738
2023-01-03T20:55:43Z;59;Arbeitszimmer;13.641;58.058;6.852;0.000
2023-01-03T20:56:43Z;58;Wohnzimmer;19.020;50.261;8.204;1019.721
2023-01-03T20:56:43Z;59;Arbeitszimmer;13.641;58.555;6.911;0.000
2023-01-03T20:57:43Z;58;Wohnzimmer;18.986;50.352;8.202;1019.726
2023-01-03T20:57:43Z;59;Arbeitszimmer;13.686;58.207;6.889;0.000
2023-01-03T20:58:43Z;58;Wohnzimmer;18.982;50.431;8.213;1019.643
2023-01-03T20:58:43Z;59;Arbeitszimmer;13.697;58.066;6.877;0.000
2023-01-03T20:59:43Z;58;Wohnzimmer;18.971;50.498;8.219;1019.655
2023-01-03T20:59:43Z;59;Arbeitszimmer;13.719;58.186;6.900;0.000
2023-01-03T21:00:43Z;58;Wohnzimmer;18.944;50.513;8.208;1019.632
2023-01-03T21:00:43Z;59;Arbeitszimmer;13.949;57.626;6.931;0.000
2023-01-03T21:01:43Z;58;Wohnzimmer;18.973;50.680;8.250;1019.636
2023-01-03T21:01:43Z;59;Arbeitszimmer;13.929;57.442;6.900;0.000
2023-01-03T21:02:43Z;58;Wohnzimmer;18.930;50.763;8.242;1019.620
2023-01-03T21:02:43Z;59;Arbeitszimmer;14.240;56.969;6.976;0.000
2023-01-03T21:03:43Z;58;Wohnzimmer;18.870;50.916;8.237;1019.607
2023-01-03T21:03:43Z;59;Arbeitszimmer;14.752;55.953;7.069;0.000
2023-01-03T21:04:43Z;58;Wohnzimmer;18.767;51.001;8.201;1019.598
2023-01-03T21:04:43Z;59;Arbeitszimmer;15.181;54.854;7.114;0.000
2023-01-03T21:05:43Z;58;Wohnzimmer;18.698;51.068;8.179;1019.583
2023-01-03T21:05:43Z;59;Arbeitszimmer;15.569;54.210;7.198;0.000
2023-01-03T21:06:43Z;58;Wohnzimmer;18.658;51.019;8.152;1019.529
2023-01-03T21:06:43Z;59;Arbeitszimmer;16.015;53.640;7.317;0.000
2023-01-03T21:07:43Z;58;Wohnzimmer;18.694;50.727;8.122;1019.562
2023-01-03T21:07:43Z;59;Arbeitszimmer;16.318;53.064;7.372;0.000
2023-01-03T21:08:43Z;58;Wohnzimmer;18.758;50.619;8.136;1019.545
2023-01-03T21:08:43Z;59;Arbeitszimmer;16.512;52.594;7.393;0.000
2023-01-03T21:09:43Z;58;Wohnzimmer;18.891;50.086;8.114;1019.532
2023-01-03T21:09:43Z;59;Arbeitszimmer;16.682;52.247;7.420;0.000
2023-01-03T21:10:43Z;58;Wohnzimmer;19.964;48.041;8.289;1019.550
2023-01-03T21:10:43Z;59;Arbeitszimmer;16.775;52.146;7.447;0.000
2023-01-03T21:11:43Z;58;Wohnzimmer;20.283;46.987;8.260;1019.552
2023-01-03T21:11:43Z;59;Arbeitszimmer;16.758;52.261;7.456;0.000
2023-01-03T21:12:43Z;58;Wohnzimmer;19.651;48.031;8.137;1019.514
2023-01-03T21:12:43Z;59;Arbeitszimmer;16.757;52.394;7.474;0.000
2023-01-03T21:13:43Z;58;Wohnzimmer;19.276;48.870;8.098;1019.534
2023-01-03T21:13:43Z;59;Arbeitszimmer;16.781;52.421;7.489;0.000
2023-01-03T21:14:43Z;58;Wohnzimmer;19.057;49.651;8.122;1019.505
2023-01-03T21:14:43Z;59;Arbeitszimmer;16.785;52.510;7.503;0.000
2023-01-03T21:15:43Z;58;Wohnzimmer;18.925;50.150;8.140;1019.518
2023-01-03T21:15:43Z;59;Arbeitszimmer;16.792;52.588;7.518;0.000
2023-01-03T21:16:43Z;58;Wohnzimmer;18.868;50.562;8.179;1019.469
2023-01-03T21:16:43Z;59;Arbeitszimmer;16.815;52.640;7.535;0.000
2023-01-03T21:17:43Z;58;Wohnzimmer;18.788;50.712;8.165;1019.501
2023-01-03T21:17:43Z;59;Arbeitszimmer;16.839;52.745;7.562;0.000
2023-01-03T21:18:43Z;58;Wohnzimmer;18.774;50.893;8.187;1019.455
2023-01-03T21:18:43Z;59;Arbeitszimmer;16.868;52.767;7.578;0.000
2023-01-03T21:19:43Z;58;Wohnzimmer;18.718;51.022;8.181;1019.440
2023-01-03T21:19:43Z;59;Arbeitszimmer;16.907;52.765;7.595;0.000
2023-01-03T21:20:43Z;58;Wohnzimmer;18.710;51.187;8.204;1019.438
2023-01-03T21:20:43Z;59;Arbeitszimmer;16.930;52.853;7.618;0.000
2023-01-03T21:21:43Z;58;Wohnzimmer;18.652;51.368;8.204;1019.434
2023-01-03T21:21:43Z;59;Arbeitszimmer;16.993;52.736;7.630;0.000
2023-01-03T21:22:43Z;58;Wohnzimmer;18.619;51.412;8.195;1019.477
2023-01-03T21:22:43Z;59;Arbeitszimmer;17.090;52.630;7.659;0.000
2023-01-03T21:23:43Z;58;Wohnzimmer;18.608;51.544;8.211;1019.457
2023-01-03T21:23:43Z;59;Arbeitszimmer;17.218;52.692;7.727;0.000
2023-01-03T21:24:43Z;58;Wohnzimmer;18.579;51.513;8.192;1019.552
2023-01-03T21:24:43Z;59;Arbeitszimmer;17.230;52.612;7.721;0.000
2023-01-03T21:25:43Z;58;Wohnzimmer;18.587;51.499;8.194;1019.578
2023-01-03T21:25:43Z;59;Arbeitszimmer;17.200;52.674;7.717;0.000
2023-01-03T21:26:43Z;58;Wohnzimmer;18.569;51.522;8.189;1019.563
2023-01-03T21:26:43Z;59;Arbeitszimmer;17.176;52.948;7.745;0.000
2023-01-03T21:27:43Z;58;Wohnzimmer;18.571;51.720;8.221;1019.526
2023-01-03T21:27:43Z;59;Arbeitszimmer;17.150;53.019;7.744;0.000
2023-01-03T21:28:43Z;58;Wohnzimmer;18.558;51.719;8.215;1019.531
2023-01-03T21:28:43Z;59;Arbeitszimmer;17.107;53.120;7.739;0.000
2023-01-03T21:29:43Z;58;Wohnzimmer;18.556;51.722;8.214;1019.488
2023-01-03T21:29:43Z;59;Arbeitszimmer;17.110;53.228;7.756;0.000
2023-01-03T21:30:43Z;58;Wohnzimmer;18.550;51.732;8.213;1019.469
2023-01-03T21:30:43Z;59;Arbeitszimmer;17.115;53.443;7.790;0.000
2023-01-03T21:31:43Z;58;Wohnzimmer;18.554;51.831;8.231;1019.441
2023-01-03T21:31:43Z;59;Arbeitszimmer;17.099;53.559;7.799;0.000
2023-01-03T21:32:43Z;58;Wohnzimmer;18.566;51.950;8.255;1019.440
2023-01-03T21:32:43Z;59;Arbeitszimmer;17.095;53.582;7.800;0.000
2023-01-03T21:33:43Z;58;Wohnzimmer;18.565;52.048;8.270;1019.432
2023-01-03T21:33:43Z;59;Arbeitszimmer;17.100;53.666;7.815;0.000
2023-01-03T21:34:43Z;58;Wohnzimmer;18.571;52.004;8.266;1019.456
2023-01-03T21:34:43Z;59;Arbeitszimmer;17.097;53.653;7.811;0.000
2023-01-03T21:35:43Z;58;Wohnzimmer;18.567;52.201;8.295;1019.428
2023-01-03T21:35:43Z;59;Arbeitszimmer;17.121;53.589;7.813;0.000
2023-01-03T21:36:43Z;58;Wohnzimmer;18.557;52.237;8.296;1019.430
2023-01-03T21:36:43Z;59;Arbeitszimmer;17.106;53.641;7.814;0.000
2023-01-03T21:37:43Z;58;Wohnzimmer;18.554;52.294;8.304;1019.394
2023-01-03T21:37:43Z;59;Arbeitszimmer;17.105;53.707;7.823;0.000
2023-01-03T21:38:43Z;58;Wohnzimmer;18.552;52.282;8.301;1019.389
2023-01-03T21:38:43Z;59;Arbeitszimmer;17.113;53.786;7.838;0.000
2023-01-03T21:39:43Z;58;Wohnzimmer;18.513;52.438;8.306;1019.375
2023-01-03T21:39:43Z;59;Arbeitszimmer;17.105;53.781;7.834;0.000
2023-01-03T21:40:43Z;58;Wohnzimmer;18.498;52.480;8.306;1019.315
2023-01-03T21:40:43Z;59;Arbeitszimmer;17.105;53.857;7.845;0.000
2023-01-03T21:41:43Z;58;Wohnzimmer;18.493;52.570;8.318;1019.312
2023-01-03T21:41:43Z;59;Arbeitszimmer;17.096;53.863;7.842;0.000
2023-01-03T21:42:43Z;58;Wohnzimmer;18.492;52.627;8.326;1019.326
2023-01-03T21:42:43Z;59;Arbeitszimmer;17.100;53.824;7.838;0.000
2023-01-03T21:43:43Z;58;Wohnzimmer;18.462;52.705;8.323;1019.343
2023-01-03T21:43:43Z;59;Arbeitszimmer;17.103;53.860;7.844;0.000
2023-01-03T21:44:43Z;58;Wohnzimmer;18.453;52.705;8.319;1019.304
2023-01-03T21:44:43Z;59;Arbeitszimmer;17.110;53.896;7.853;0.000
2023-01-03T21:45:43Z;58;Wohnzimmer;18.435;52.759;8.319;1019.321
2023-01-03T21:45:43Z;59;Arbeitszimmer;17.106;53.916;7.854;0.000
2023-01-03T21:46:43Z;58;Wohnzimmer;18.447;52.720;8.319;1019.321
2023-01-03T21:46:43Z;59;Arbeitszimmer;17.104;53.942;7.857;0.000
2023-01-03T21:47:43Z;58;Wohnzimmer;18.420;52.854;8.327;1019.367
2023-01-03T21:47:43Z;59;Arbeitszimmer;17.105;53.922;7.854;0.000
2023-01-03T21:48:43Z;58;Wohnzimmer;18.450;52.930;8.353;1019.334
2023-01-03T21:48:43Z;59;Arbeitszimmer;17.122;53.963;7.868;0.000
2023-01-03T21:49:43Z;58;Wohnzimmer;18.432;52.930;8.345;1019.339
2023-01-03T21:49:43Z;59;Arbeitszimmer;17.120;54.016;7.875;0.000
2023-01-03T21:50:43Z;58;Wohnzimmer;18.410;52.992;8.343;1019.344
2023-01-03T21:50:43Z;59;Arbeitszimmer;17.105;54.047;7.873;0.000
2023-01-03T21:51:43Z;58;Wohnzimmer;18.423;53.029;8.356;1019.365
2023-01-03T21:51:43Z;59;Arbeitszimmer;17.116;54.118;7.888;0.000
2023-01-03T21:52:43Z;58;Wohnzimmer;18.357;53.130;8.339;1019.379
2023-01-03T21:52:43Z;59;Arbeitszimmer;17.127;54.086;7.889;0.000
2023-01-03T21:53:43Z;58;Wohnzimmer;18.361;53.193;8.351;1019.379
2023-01-03T21:53:43Z;59;Arbeitszimmer;17.111;54.127;7.887;0.000
2023-01-03T21:54:43Z;58;Wohnzimmer;18.360;53.220;8.354;1019.416
2023-01-03T21:54:43Z;59;Arbeitszimmer;17.107;54.138;7.887;0.000
2023-01-03T21:55:43Z;58;Wohnzimmer;18.336;53.226;8.343;1019.375
2023-01-03T21:55:43Z;59;Arbeitszimmer;17.109;54.134;7.887;0.000
2023-01-03T21:56:43Z;58;Wohnzimmer;18.316;53.377;8.357;1019.395
2023-01-03T21:56:43Z;59;Arbeitszimmer;17.118;54.226;7.905;0.000
2023-01-03T21:57:43Z;58;Wohnzimmer;18.311;53.414;8.360;1019.421
2023-01-03T21:57:43Z;59;Arbeitszimmer;17.120;54.189;7.900;0.000
2023-01-03T21:58:43Z;58;Wohnzimmer;18.309;53.403;8.358;1019.388
2023-01-03T21:58:43Z;59;Arbeitszimmer;17.102;54.266;7.903;0.000
2023-01-03T21:59:43Z;58;Wohnzimmer;18.282;53.473;8.355;1019.373
2023-01-03T21:59:43Z;59;Arbeitszimmer;17.090;54.289;7.901;0.000
2023-01-03T22:00:43Z;58;Wohnzimmer;18.287;53.525;8.366;1019.344
2023-01-03T22:00:43Z;59;Arbeitszimmer;17.092;54.347;7.910;0.000
2023-01-03T22:01:43Z;58;Wohnzimmer;18.279;53.668;8.384;1019.336
2023-01-03T22:01:43Z;59;Arbeitszimmer;17.083;54.332;7.904;0.000
2023-01-03T22:02:43Z;58;Wohnzimmer;18.296;53.516;8.369;1019.290
2023-01-03T22:02:43Z;59;Arbeitszimmer;17.091;54.350;7.910;0.000
2023-01-03T22:03:43Z;58;Wohnzimmer;18.293;53.558;8.374;1019.321
2023-01-03T22:03:43Z;59;Arbeitszimmer;17.078;54.471;7.922;0.000
2023-01-03T22:04:43Z;58;Wohnzimmer;18.267;53.696;8.383;1019.326
2023-01-03T22:04:43Z;59;Arbeitszimmer;17.085;54.506;7.930;0.000
2023-01-03T22:05:43Z;58;Wohnzimmer;18.260;53.742;8.386;1019.326
2023-01-03T22:05:43Z;59;Arbeitszimmer;17.083;54.484;7.926;0.000
2023-01-03T22:06:43Z;58;Wohnzimmer;18.250;53.760;8.384;1019.323
2023-01-03T22:06:43Z;59;Arbeitszimmer;17.070;54.490;7.921;0.000
2023-01-03T22:07:43Z;58;Wohnzimmer;18.258;53.830;8.399;1019.330
2023-01-03T22:07:43Z;59;Arbeitszimmer;17.084;54.595;7.942;0.000
2023-01-03T22:08:43Z;58;Wohnzimmer;18.235;53.859;8.392;1019.344
2023-01-03T22:08:43Z;59;Arbeitszimmer;17.080;54.499;7.927;0.000
2023-01-03T22:09:43Z;58;Wohnzimmer;18.215;53.876;8.385;1019.345
2023-01-03T22:09:43Z;59;Arbeitszimmer;17.074;54.495;7.923;0.000
2023-01-03T22:10:43Z;58;Wohnzimmer;18.222;53.905;8.393;1019.337
2023-01-03T22:10:43Z;59;Arbeitszimmer;17.071;54.815;7.968;0.000
2023-01-03T22:11:43Z;58;Wohnzimmer;18.219;53.887;8.389;1019.300
2023-01-03T22:11:43Z;59;Arbeitszimmer;17.043;54.709;7.940;0.000
2023-01-03T22:12:43Z;58;Wohnzimmer;18.215;53.901;8.389;1019.328
2023-01-03T22:12:43Z;59;Arbeitszimmer;17.058;54.738;7.951;0.000
2023-01-03T22:13:43Z;58;Wohnzimmer;18.198;53.941;8.387;1019.341
2023-01-03T22:13:43Z;59;Arbeitszimmer;17.052;54.687;7.940;0.000
2023-01-03T22:14:43Z;58;Wohnzimmer;18.204;54.010;8.400;1019.344
2023-01-03T22:14:43Z;59;Arbeitszimmer;17.052;54.900;7.972;0.000
2023-01-03T22:15:43Z;58;Wohnzimmer;19.645;53.077;8.988;1019.360
2023-01-03T22:15:43Z;59;Arbeitszimmer;17.034;54.822;7.952;0.000
2023-01-03T22:16:43Z;58;Wohnzimmer;21.691;61.800;11.789;1019.366
2023-01-03T22:16:43Z;59;Arbeitszimmer;17.035;54.839;7.955;0.000
2023-01-03T22:17:43Z;58;Wohnzimmer;21.517;44.848;8.470;1019.352
2023-01-03T22:17:43Z;59;Arbeitszimmer;17.044;54.889;7.966;0.000
2023-01-03T22:18:43Z;58;Wohnzimmer;20.183;47.887;8.369;1019.323
2023-01-03T22:18:43Z;59;Arbeitszimmer;17.033;54.957;7.971;0.000
2023-01-03T22:19:43Z;58;Wohnzimmer;19.275;49.958;8.278;1019.312
2023-01-03T22:19:43Z;59;Arbeitszimmer;17.164;54.697;7.996;0.000
2023-01-03T22:20:43Z;58;Wohnzimmer;18.689;51.405;8.228;1019.295
2023-01-03T22:20:43Z;59;Arbeitszimmer;17.172;54.507;7.972;0.000
2023-01-03T22:21:43Z;58;Wohnzimmer;18.310;51.342;8.036;1019.293
2023-01-03T22:21:43Z;59;Arbeitszimmer;17.177;54.510;7.974;0.000
2023-01-03T22:22:43Z;58;Wohnzimmer;17.987;50.498;7.753;1019.144
2023-01-03T22:22:43Z;59;Arbeitszimmer;17.114;54.584;7.955;0.000
2023-01-03T22:23:43Z;58;Wohnzimmer;17.768;50.257;7.617;1019.095
2023-01-03T22:23:43Z;59;Arbeitszimmer;17.089;54.650;7.953;0.000
2023-01-03T22:24:43Z;58;Wohnzimmer;17.575;50.136;7.511;1018.984
2023-01-03T22:24:43Z;59;Arbeitszimmer;17.052;54.690;7.941;0.000
2023-01-03T22:25:43Z;58;Wohnzimmer;17.300;49.772;7.335;1018.916
2023-01-03T22:25:43Z;59;Arbeitszimmer;17.055;54.711;7.945;0.000
2023-01-03T22:26:43Z;58;Wohnzimmer;17.278;52.847;7.778;1018.861
2023-01-03T22:26:43Z;59;Arbeitszimmer;17.036;54.595;7.920;0.000
2023-01-03T22:27:43Z;58;Wohnzimmer;17.307;52.368;7.721;1018.900
2023-01-03T22:27:43Z;59;Arbeitszimmer;17.031;54.473;7.899;0.000
2023-01-03T22:28:43Z;58;Wohnzimmer;17.346;53.247;7.869;1018.967
2023-01-03T22:28:43Z;59;Arbeitszimmer;17.058;54.525;7.920;0.000
2023-01-03T22:29:43Z;58;Wohnzimmer;17.379;53.133;7.868;1018.978
2023-01-03T22:29:43Z;59;Arbeitszimmer;17.057;54.736;7.950;0.000
2023-01-03T22:30:43Z;58;Wohnzimmer;17.414;52.994;7.863;1019.036
2023-01-03T22:30:43Z;59;Arbeitszimmer;17.153;54.661;7.985;0.000
2023-01-03T22:31:43Z;58;Wohnzimmer;17.457;52.065;7.745;1019.058
2023-01-03T22:31:43Z;59;Arbeitszimmer;17.126;54.647;7.970;0.000
2023-01-03T22:32:43Z;58;Wohnzimmer;17.496;51.365;7.659;1019.100
2023-01-03T22:32:43Z;59;Arbeitszimmer;17.141;54.942;8.020;0.000
2023-01-03T22:33:43Z;58;Wohnzimmer;17.513;51.245;7.649;1019.088
2023-01-03T22:33:43Z;59;Arbeitszimmer;17.124;55.181;8.047;0.000
2023-01-03T22:34:43Z;58;Wohnzimmer;17.530;50.696;7.575;1019.061
2023-01-03T22:34:43Z;59;Arbeitszimmer;17.099;54.800;7.979;0.000
2023-01-03T22:35:43Z;58;Wohnzimmer;17.541;50.641;7.571;1019.019
2023-01-03T22:35:43Z;59;Arbeitszimmer;17.078;54.771;7.965;0.000
2023-01-03T22:36:43Z;58;Wohnzimmer;17.554;50.627;7.575;1018.991
2023-01-03T22:36:43Z;59;Arbeitszimmer;17.064;54.805;7.963;0.000
2023-01-03T22:37:43Z;58;Wohnzimmer;17.577;50.650;7.589;1018.993
2023-01-03T22:37:43Z;59;Arbeitszimmer;17.048;54.833;7.960;0.000
2023-01-03T22:38:43Z;58;Wohnzimmer;17.563;50.716;7.593;1019.017
2023-01-03T22:38:43Z;59;Arbeitszimmer;17.048;54.842;7.961;0.000
2023-01-03T22:39:43Z;58;Wohnzimmer;17.562;50.737;7.595;1019.040
2023-01-03T22:39:43Z;59;Arbeitszimmer;17.064;55.145;8.013;0.000
2023-01-03T22:40:43Z;58;Wohnzimmer;17.558;50.931;7.622;1019.024
2023-01-03T22:40:43Z;59;Arbeitszimmer;17.054;55.168;8.012;0.000
2023-01-03T22:41:43Z;58;Wohnzimmer;17.560;51.086;7.647;1019.038
2023-01-03T22:41:43Z;59;Arbeitszimmer;17.035;55.122;7.996;0.000
2023-01-03T22:42:43Z;58;Wohnzimmer;17.534;51.010;7.624;1019.108
2023-01-03T22:42:43Z;59;Arbeitszimmer;17.028;55.154;7.997;0.000
2023-01-03T22:43:43Z;58;Wohnzimmer;17.530;51.135;7.640;1019.076
2023-01-03T22:43:43Z;59;Arbeitszimmer;17.026;55.167;7.998;0.000
2023-01-03T22:44:43Z;58;Wohnzimmer;17.523;51.282;7.659;1019.062
2023-01-03T22:44:43Z;59;Arbeitszimmer;17.029;55.380;8.030;0.000
2023-01-03T22:45:43Z;58;Wohnzimmer;17.528;51.232;7.654;1019.053
2023-01-03T22:45:43Z;59;Arbeitszimmer;17.031;55.580;8.060;0.000
2023-01-03T22:46:43Z;58;Wohnzimmer;17.522;51.462;7.685;1019.084
2023-01-03T22:46:43Z;59;Arbeitszimmer;17.018;55.442;8.034;0.000
2023-01-03T22:47:43Z;58;Wohnzimmer;17.516;51.453;7.681;1019.101
2023-01-03T22:47:43Z;59;Arbeitszimmer;17.011;55.183;7.993;0.000
2023-01-03T22:48:43Z;58;Wohnzimmer;17.512;51.560;7.695;1019.090
2023-01-03T22:48:43Z;59;Arbeitszimmer;17.023;55.193;8.000;0.000
2023-01-03T22:49:43Z;58;Wohnzimmer;17.509;51.497;7.685;1019.124
2023-01-03T22:49:43Z;59;Arbeitszimmer;17.005;55.290;8.005;0.000
2023-01-03T22:50:43Z;58;Wohnzimmer;17.506;51.578;7.696;1019.154
2023-01-03T22:50:43Z;59;Arbeitszimmer;17.001;55.378;8.016;0.000
2023-01-03T22:51:43Z;58;Wohnzimmer;17.490;51.621;7.694;1019.149
2023-01-03T22:51:43Z;59;Arbeitszimmer;16.979;55.441;8.015;0.000
2023-01-03T22:52:43Z;58;Wohnzimmer;17.477;51.758;7.709;1019.162
2023-01-03T22:52:43Z;59;Arbeitszimmer;17.005;55.492;8.035;0.000
2023-01-03T22:53:43Z;58;Wohnzimmer;17.491;51.756;7.715;1019.159
2023-01-03T22:53:43Z;59;Arbeitszimmer;16.987;55.595;8.041;0.000
2023-01-03T22:54:43Z;58;Wohnzimmer;17.456;51.765;7.700;1019.164
2023-01-03T22:54:43Z;59;Arbeitszimmer;16.998;55.539;8.038;0.000
2023-01-03T22:55:43Z;58;Wohnzimmer;17.448;51.860;7.711;1019.155
2023-01-03T22:55:43Z;59;Arbeitszimmer;16.964;55.648;8.038;0.000
2023-01-03T22:56:43Z;58;Wohnzimmer;17.428;51.856;7.701;1019.188
2023-01-03T22:56:43Z;59;Arbeitszimmer;16.979;55.532;8.028;0.000
2023-01-03T22:57:43Z;58;Wohnzimmer;17.447;51.924;7.720;1019.208
2023-01-03T22:57:43Z;59;Arbeitszimmer;16.952;55.578;8.022;0.000
2023-01-03T22:58:43Z;58;Wohnzimmer;17.425;52.110;7.737;1019.222
2023-01-03T22:58:43Z;59;Arbeitszimmer;16.971;55.590;8.033;0.000
2023-01-03T22:59:43Z;58;Wohnzimmer;17.405;52.102;7.727;1019.246
2023-01-03T22:59:43Z;59;Arbeitszimmer;16.965;55.697;8.045;0.000
2023-01-03T23:00:43Z;58;Wohnzimmer;17.398;52.168;7.733;1019.258
2023-01-03T23:00:43Z;59;Arbeitszimmer;16.952;55.635;8.030;0.000
2023-01-03T23:01:43Z;58;Wohnzimmer;17.383;52.117;7.719;1019.248
2023-01-03T23:01:43Z;59;Arbeitszimmer;16.956;55.680;8.039;0.000
2023-01-03T23:02:43Z;58;Wohnzimmer;17.395;52.107;7.723;1019.238
2023-01-03T23:02:43Z;59;Arbeitszimmer;16.956;55.651;8.034;0.000
2023-01-03T23:03:43Z;58;Wohnzimmer;17.376;52.189;7.726;1019.239
2023-01-03T23:03:43Z;59;Arbeitszimmer;16.959;55.669;8.038;0.000
2023-01-03T23:04:43Z;58;Wohnzimmer;17.345;52.216;7.716;1019.234
2023-01-03T23:04:43Z;59;Arbeitszimmer;16.937;55.645;8.024;0.000
2023-01-03T23:05:43Z;58;Wohnzimmer;17.377;52.472;7.769;1019.193
2023-01-03T23:05:43Z;59;Arbeitszimmer;16.949;55.623;8.027;0.000
2023-01-03T23:06:43Z;58;Wohnzimmer;17.346;52.332;7.734;1019.198
2023-01-03T23:06:43Z;59;Arbeitszimmer;16.948;55.646;8.030;0.000
2023-01-03T23:07:43Z;58;Wohnzimmer;17.341;52.350;7.734;1019.258
2023-01-03T23:07:43Z;59;Arbeitszimmer;16.931;55.677;8.026;0.000
2023-01-03T23:08:43Z;58;Wohnzimmer;17.345;52.423;7.747;1019.226
2023-01-03T23:08:43Z;59;Arbeitszimmer;16.949;55.658;8.032;0.000
2023-01-03T23:09:43Z;58;Wohnzimmer;17.332;52.431;7.742;1019.200
2023-01-03T23:09:43Z;59;Arbeitszimmer;16.937;55.687;8.030;0.000
2023-01-03T23:10:43Z;58;Wohnzimmer;17.343;52.831;7.806;1019.223
2023-01-03T23:10:43Z;59;Arbeitszimmer;16.932;55.697;8.029;0.000
2023-01-03T23:11:43Z;58;Wohnzimmer;17.297;52.837;7.785;1019.212
2023-01-03T23:11:43Z;59;Arbeitszimmer;16.973;55.682;8.047;0.000
2023-01-03T23:12:43Z;58;Wohnzimmer;17.302;52.795;7.781;1019.213
2023-01-03T23:12:43Z;59;Arbeitszimmer;16.961;55.645;8.036;0.000
2023-01-03T23:13:43Z;58;Wohnzimmer;17.300;53.011;7.812;1019.209
2023-01-03T23:13:43Z;59;Arbeitszimmer;16.950;55.673;8.034;0.000
2023-01-03T23:14:43Z;58;Wohnzimmer;17.276;52.881;7.782;1019.176
2023-01-03T23:14:43Z;59;Arbeitszimmer;16.961;55.686;8.042;0.000
2023-01-03T23:15:43Z;58;Wohnzimmer;17.306;52.761;7.779;1019.148
2023-01-03T23:15:43Z;59;Arbeitszimmer;16.940;55.671;8.029;0.000
2023-01-03T23:16:43Z;58;Wohnzimmer;17.257;53.035;7.796;1019.127
2023-01-03T23:16:43Z;59;Arbeitszimmer;16.908;55.680;8.015;0.000
2023-01-03T23:17:43Z;58;Wohnzimmer;17.242;52.949;7.776;1019.108
2023-01-03T23:17:43Z;59;Arbeitszimmer;16.939;55.657;8.027;0.000
2023-01-03T23:18:43Z;58;Wohnzimmer;17.253;52.738;7.750;1019.061
2023-01-03T23:18:43Z;59;Arbeitszimmer;16.899;55.721;8.017;0.000
2023-01-03T23:19:43Z;58;Wohnzimmer;17.245;52.847;7.763;1019.060
2023-01-03T23:19:43Z;59;Arbeitszimmer;16.900;55.732;8.019;0.000
2023-01-03T23:20:43Z;58;Wohnzimmer;17.235;52.957;7.774;1019.055
2023-01-03T23:20:43Z;59;Arbeitszimmer;16.927;55.692;8.026;0.000
2023-01-03T23:21:43Z;58;Wohnzimmer;17.255;52.890;7.774;1019.046
2023-01-03T23:21:43Z;59;Arbeitszimmer;16.889;55.816;8.026;0.000
2023-01-03T23:22:43Z;58;Wohnzimmer;17.210;53.001;7.769;1019.091
2023-01-03T23:22:43Z;59;Arbeitszimmer;16.911;55.776;8.031;0.000
2023-01-03T23:23:43Z;58;Wohnzimmer;17.233;52.898;7.764;1019.065
2023-01-03T23:23:43Z;59;Arbeitszimmer;16.911;55.758;8.028;0.000
2023-01-03T23:24:43Z;58;Wohnzimmer;17.217;53.292;7.815;1019.051
2023-01-03T23:24:43Z;59;Arbeitszimmer;16.922;55.810;8.041;0.000
2023-01-03T23:25:43Z;58;Wohnzimmer;17.199;53.293;7.807;1019.034
2023-01-03T23:25:43Z;59;Arbeitszimmer;16.903;55.804;8.031;0.000
2023-01-03T23:26:43Z;58;Wohnzimmer;17.216;53.018;7.774;1019.005
2023-01-03T23:26:43Z;59;Arbeitszimmer;16.905;55.832;8.036;0.000
2023-01-03T23:27:43Z;58;Wohnzimmer;17.179;53.058;7.763;1019.046
2023-01-03T23:27:43Z;59;Arbeitszimmer;16.907;55.810;8.033;0.000
2023-01-03T23:28:43Z;58;Wohnzimmer;17.204;53.285;7.808;1018.986
2023-01-03T23:28:43Z;59;Arbeitszimmer;16.897;55.799;8.027;0.000
2023-01-03T23:29:43Z;58;Wohnzimmer;17.183;53.350;7.807;1018.972
2023-01-03T23:29:43Z;59;Arbeitszimmer;16.904;55.839;8.036;0.000
2023-01-03T23:30:43Z;58;Wohnzimmer;17.190;53.168;7.784;1018.915
2023-01-03T23:30:43Z;59;Arbeitszimmer;16.898;55.874;8.038;0.000
2023-01-03T23:31:43Z;58;Wohnzimmer;17.211;53.368;7.823;1018.923
2023-01-03T23:31:43Z;59;Arbeitszimmer;16.905;55.847;8.038;0.000
2023-01-03T23:32:43Z;58;Wohnzimmer;17.174;53.316;7.798;1018.855
2023-01-03T23:32:43Z;59;Arbeitszimmer;16.883;55.875;8.031;0.000
2023-01-03T23:33:43Z;58;Wohnzimmer;17.170;53.454;7.817;1018.897
2023-01-03T23:33:43Z;59;Arbeitszimmer;16.908;55.924;8.050;0.000
2023-01-03T23:34:43Z;58;Wohnzimmer;17.137;53.495;7.807;1018.853
2023-01-03T23:34:43Z;59;Arbeitszimmer;16.876;55.912;8.033;0.000
2023-01-03T23:35:43Z;58;Wohnzimmer;17.133;53.523;7.809;1018.730
2023-01-03T23:35:43Z;59;Arbeitszimmer;16.882;55.960;8.043;0.000
2023-01-03T23:36:43Z;58;Wohnzimmer;17.141;53.537;7.815;1018.778
2023-01-03T23:36:43Z;59;Arbeitszimmer;16.872;55.941;8.035;0.000
2023-01-03T23:37:43Z;58;Wohnzimmer;17.132;53.601;7.820;1018.784
2023-01-03T23:37:43Z;59;Arbeitszimmer;16.885;55.913;8.038;0.000
2023-01-03T23:38:43Z;58;Wohnzimmer;17.133;53.548;7.813;1018.743
2023-01-03T23:38:43Z;59;Arbeitszimmer;16.850;55.980;8.030;0.000
2023-01-03T23:39:43Z;58;Wohnzimmer;17.129;53.488;7.802;1018.746
2023-01-03T23:39:43Z;59;Arbeitszimmer;16.893;55.998;8.054;0.000
2023-01-03T23:40:43Z;58;Wohnzimmer;17.132;53.642;7.826;1018.740
2023-01-03T23:40:43Z;59;Arbeitszimmer;16.854;55.941;8.027;0.000
2023-01-03T23:41:43Z;58;Wohnzimmer;17.108;53.636;7.814;1018.750
2023-01-03T23:41:43Z;59;Arbeitszimmer;16.866;56.032;8.046;0.000
2023-01-03T23:42:43Z;58;Wohnzimmer;17.099;53.706;7.820;1018.742
2023-01-03T23:42:43Z;59;Arbeitszimmer;16.883;56.004;8.050;0.000
2023-01-03T23:43:43Z;58;Wohnzimmer;17.096;53.725;7.821;1018.764
2023-01-03T23:43:43Z;59;Arbeitszimmer;16.875;55.935;8.036;0.000
2023-01-03T23:44:43Z;58;Wohnzimmer;17.091;53.704;7.816;1018.718
2023-01-03T23:44:43Z;59;Arbeitszimmer;16.892;56.026;8.058;0.000
2023-01-03T23:45:43Z;58;Wohnzimmer;17.080;53.726;7.814;1018.802
2023-01-03T23:45:43Z;59;Arbeitszimmer;16.880;55.906;8.034;0.000
2023-01-03T23:46:43Z;58;Wohnzimmer;17.072;53.713;7.809;1018.783
2023-01-03T23:46:43Z;59;Arbeitszimmer;16.854;55.979;8.033;0.000
2023-01-03T23:47:43Z;58;Wohnzimmer;17.073;53.764;7.817;1018.836
2023-01-03T23:47:43Z;59;Arbeitszimmer;16.862;55.969;8.034;0.000
2023-01-03T23:48:43Z;58;Wohnzimmer;17.063;53.849;7.824;1018.801
2023-01-03T23:48:43Z;59;Arbeitszimmer;16.866;55.972;8.037;0.000
2023-01-03T23:49:43Z;58;Wohnzimmer;17.048;53.803;7.811;1018.779
2023-01-03T23:49:43Z;59;Arbeitszimmer;16.888;55.926;8.041;0.000
2023-01-03T23:50:43Z;58;Wohnzimmer;17.064;53.846;7.824;1018.763
2023-01-03T23:50:43Z;59;Arbeitszimmer;16.855;55.988;8.034;0.000
2023-01-03T23:51:43Z;58;Wohnzimmer;17.059;53.816;7.817;1018.768
2023-01-03T23:51:43Z;59;Arbeitszimmer;16.865;55.997;8.040;0.000
2023-01-03T23:52:43Z;58;Wohnzimmer;17.052;53.861;7.821;1018.757
2023-01-03T23:52:43Z;59;Arbeitszimmer;16.865;55.959;8.035;0.000
2023-01-03T23:53:43Z;58;Wohnzimmer;17.039;53.862;7.815;1018.762
2023-01-03T23:53:43Z;59;Arbeitszimmer;16.869;56.043;8.049;0.000
2023-01-03T23:54:43Z;58;Wohnzimmer;17.048;53.857;7.818;1018.752
2023-01-03T23:54:43Z;59;Arbeitszimmer;16.858;56.043;8.044;0.000
2023-01-03T23:55:43Z;58;Wohnzimmer;17.035;53.922;7.821;1018.712
2023-01-03T23:55:43Z;59;Arbeitszimmer;16.858;55.992;8.036;0.000
2023-01-03T23:56:43Z;58;Wohnzimmer;17.011;53.925;7.811;1018.703
2023-01-03T23:56:43Z;59;Arbeitszimmer;16.854;55.986;8.033;0.000
2023-01-03T23:57:43Z;58;Wohnzimmer;17.023;53.945;7.819;1018.707
2023-01-03T23:57:43Z;59;Arbeitszimmer;16.853;55.986;8.033;0.000
2023-01-03T23:58:43Z;58;Wohnzimmer;17.002;53.940;7.809;1018.714
2023-01-03T23:58:43Z;59;Arbeitszimmer;16.848;55.908;8.019;0.000
2023-01-03T23:59:43Z;58;Wohnzimmer;16.991;53.949;7.805;1018.703
2023-01-03T23:59:43Z;59;Arbeitszimmer;16.865;55.956;8.034;0.000
